<?xml version="1.0" encoding="UTF-8"?>
<project-private xmlns="http://www.netbeans.org/ns/project-private/1">
    <editor-bookmarks xmlns="http://www.netbeans.org/ns/editor-bookmarks/2" lastBookmarkId="0"/>
    <open-files xmlns="http://www.netbeans.org/ns/projectui-open-files/2">
        <group>
            <file>file:/C:/Users/vitor.costa/Desktop/AlgoritmosDeOrdenacao/AlgoritmosDeOrdenacao/src/VISAO/MainApp.java</file>
            <file>file:/C:/Users/vitor.costa/Desktop/AlgoritmosDeOrdenacao/AlgoritmosDeOrdenacao/src/LOGICA/SortBy.java</file>
            <file>file:/C:/Users/vitor.costa/Desktop/AlgoritmosDeOrdenacao/AlgoritmosDeOrdenacao/src/LOGICA/Script.java</file>
        </group>
    </open-files>
</project-private>
